{
    "shoulder": [
        0.44519559136881626, 
        -0.8953726285161996, 
        -0.010427920682565293, 
        0.0, 
        0.8954213145815493, 
        0.44521979896793695, 
        0.0, 
        0.0, 
        0.0046427167499453114, 
        -0.00933738244593474, 
        0.9999456277569486, 
        0.0, 
        19.33483972216882, 
        142.14502221019984, 
        -1.977564208799019, 
        1.0
    ], 
    "head": [
        1.0, 
        0.0, 
        0.0, 
        0.0, 
        0.0, 
        1.0, 
        0.0, 
        0.0, 
        0.0, 
        0.0, 
        1.0, 
        0.0, 
        0.0, 
        164.44464927303565, 
        1.400482608178824, 
        1.0
    ], 
    "neck": [
        1.0, 
        0.0, 
        0.0, 
        0.0, 
        0.0, 
        0.9626295035377996, 
        0.2708217844239444, 
        0.0, 
        0.0, 
        -0.2708217844239444, 
        0.9626295035377996, 
        0.0, 
        0.0, 
        152.69394553292815, 
        -1.9231220483688347, 
        1.0
    ], 
    "|world": [
        1.0, 
        0.0, 
        0.0, 
        0.0, 
        0.0, 
        1.0, 
        0.0, 
        0.0, 
        0.0, 
        0.0, 
        1.0, 
        0.0, 
        0.0, 
        0.0, 
        0.0, 
        1.0
    ], 
    "spine1": [
        -1.1102230246251565e-15, 
        1.0, 
        0.0, 
        0.0, 
        2.220446049250313e-16, 
        0.0, 
        -1.0, 
        0.0, 
        -1.0, 
        -1.1102230246251565e-15, 
        -2.220446049250313e-16, 
        0.0, 
        0.0, 
        97.44865417480469, 
        2.266676664352417, 
        1.0
    ], 
    "spine3": [
        -2.220446049250313e-16, 
        1.0, 
        0.0, 
        0.0, 
        0.0, 
        0.0, 
        -1.0, 
        0.0, 
        -1.0, 
        -2.2204460492503126e-16, 
        0.0, 
        0.0, 
        2.2520507327152755e-14, 
        113.62476035952315, 
        5.342301133604148, 
        1.0
    ], 
    "spine2": [
        -2.220446049250313e-16, 
        1.0, 
        0.0, 
        0.0, 
        0.0, 
        0.0, 
        -1.0, 
        0.0, 
        -1.0, 
        -2.2204460492503126e-16, 
        0.0, 
        0.0, 
        1.1353581710990638e-14, 
        105.53670726716392, 
        4.224801058536363, 
        1.0
    ], 
    "spine5": [
        4.440892098500626e-16, 
        1.0, 
        0.0, 
        0.0, 
        -4.440892098500626e-16, 
        0.0, 
        -1.0, 
        0.0, 
        -1.0, 
        4.440892098500626e-16, 
        4.440892098500626e-16, 
        0.0, 
        4.3672571312925094e-14, 
        129.80086654424161, 
        2.2550046805373896, 
        1.0
    ], 
    "spine4": [
        0.0, 
        1.0, 
        0.0, 
        0.0, 
        0.0, 
        0.0, 
        -1.0, 
        0.0, 
        -1.0, 
        0.0, 
        0.0, 
        0.0, 
        3.317653478925115e-14, 
        121.71281345188238, 
        4.158920472406265, 
        1.0
    ], 
    "elbow": [
        0.4160284909482974, 
        -0.8843924517503542, 
        0.21158990052996374, 
        0.0, 
        0.9044566864749933, 
        0.4265418126906596, 
        0.004492695988149415, 
        0.0, 
        -0.09422524613901553, 
        0.18950481079266515, 
        0.9773482131136672, 
        0.0, 
        31.617591381309097, 
        117.44208298152878, 
        -2.283719897270202, 
        1.0
    ], 
    "wrist": [
        0.2572340341892112, 
        -0.9437448878961782, 
        0.2077889270980862, 
        0.0, 
        0.9617443811350216, 
        0.27098618646762473, 
        0.04017750737599452, 
        0.0, 
        -0.0942252461390155, 
        0.18950481079266512, 
        0.9773482131136672, 
        0.0, 
        42.65045135464888, 
        93.9887538346125, 
        3.2990202198062106, 
        1.0
    ], 
    "hips": [
        7.771561172376096e-16, 
        1.0, 
        5.551115123125783e-17, 
        0.0, 
        -7.216449660063518e-16, 
        0.0, 
        1.0, 
        0.0, 
        1.0, 
        -7.216449660063518e-16, 
        7.771561172376096e-16, 
        0.0, 
        0.0, 
        97.44865213585219, 
        2.2666765871729684, 
        1.0
    ]
}